professor;codigo;disciplina;periodo;eletiva;horarios_atuais;horarios_originais
ALEXANDRE MAGNO ANDRADE MACIEL;CCMP0078;MINERAÇAO DE DADOS;9;Sim;5C 5D 5E 5F;
BYRON LEITE DANTAS BEZERRA;CCMP0123;APRENDIZAGEM DE MÁQUINA;7;Não;3C 3D 3E 3F;
CARMELO JOSE ALBANEZ BASTOS FILHO;CCMP0076;SISTEMAS DE COMUNICAÇÃO;6;Não;6C 6D 6E 6F;
CLEYTON MARIO DE OLIVEIRA RODRIGUES;CCMP0110;ALGORITMOS E ESTRUTURAS DE DADOS;4;Não;5A 5B 5C 5D;
CLEYTON MARIO DE OLIVEIRA RODRIGUES;CCMP0030;PROJETO DE FINAL DE CURSO;8;Não;5G 5H 5I 5J;4I 4J 4K 4L
DANIEL AUGUSTO RIBEIRO CHAVES;ELET0024;CONTROLE DE PROCESSOS;8;Não;2C 2D 2E 2F;
DANIEL AUGUSTO RIBEIRO CHAVES;ELET0071;REDES DE COMPUTADORES 2;8;Não;6C 6D 6E 6F;
DIEGO JOSÉ RÁTIVA MILLÁN;CCMP0125;ELEMENTOS DE ROBÓTICA;8;Não;3C 3D 6A 6B;
DIEGO JOSÉ RÁTIVA MILLÁN;CCMP0071;SINAIS E SISTEMAS;5;Não;3E 3F 6C 6D;
EDISON DE QUEIROZ ALBUQUERQUE;ELET0070;REDES DE COMPUTADORES 1;7;Não;4C 4D 4E 4F;
ELIANE LOYOLA;CCMP0122;PESQUISA OPERACIONAL;7;Não;4A 4B 6A 6B;4A 4B 5C 5D
ELIANE LOYOLA;CCMP0039;TEORIA DA COMPUTAÇÃO;5;Não;5A 5B 5C 5D;5C 5D 6E 6F
ELIANE LOYOLA;CCMP0116;TEORIA DOS GRAFOS;5;Não;5E 5F;
FERNANDO BUARQUE DE LIMA NETO;CCMP0082;COMPUTAÇAO NATURAL;9;Sim;2C 2D 2E 2F;
GENÉSIO GOMES DA CRUZ NETO;CCMP0126;GESTÃO DE TIC E EMPREENDEDORISMO;9;Não;4A 4B;
GENÉSIO GOMES DA CRUZ NETO;CCMP0173;PROJETO EM ENGENHARIA DA COMPUTAÇÃO;8;Não;4C 4D;
GENÉSIO GOMES DA CRUZ NETO;CCMP0085;INFORMÁTICA, ECONOMIA E SOCIEDADE;4;Não;4E 4F;
GENÉSIO GOMES DA CRUZ NETO;ADMT0002;FORMAÇÃO DE EMPREENDEDORES;10;Sim;4I 4J 4K 4L;
HEMIR DA CUNHA SANTIAGO;CCMP0084;DCEXT PROGRAMAÇÃO IMPERATIVA;2;Não;5C 5D 5E 5F;
HEMIR DA CUNHA SANTIAGO;CCMP0172;SISTEMAS MULTIMÍDIA;5;Não;4E 4F 4G;
JOABE BEZERRA DE JESUS JUNIOR;CCMP0074;ANÁLISE E PROJETO DE SOFTWARE;6;Não;2A 2B 2C 2D;
JOAO FAUSTO LORENZATO DE OLIVEIRA;CCMP0015;INTELIGENCIA ARTIFICIAL;6;Não;3A 3B 3C 3D;
JOAO FAUSTO LORENZATO DE OLIVEIRA;LETR0009;METODOLOGIA CIENTÍFICA;5;Não;2E 2F;
JOSE PAULO GONÇALVES DE OLIVEIRA;CCMP0124;DCEXT-SISTEMAS EMBARCADOS;8;Não;2A 2B 4A 4B;
JOSE PAULO GONÇALVES DE OLIVEIRA;CCMP0025;ORGANIZAÇÃO DE COMPUTADORES;6;Não;2E 2F 4E 4F;
JOSE RAIMUNDO LIMA JUNIOR;ELET0025;CONVERSÃO ELETROMECANICA DE ENERGIA;10;Sim;3A 3B 5A 5B;
LEANDRO HONORATO DE SOUZA SILVA;CCMP0068;LINGUAGEM DE PROGRAMAÇAO ORIENTADA A OBJETOS;3;Não;2C 2D 4C 4D;
LEANDRO HONORATO DE SOUZA SILVA;CCMP0104;FUNDAMENTOS DE PROGRAMAÇÃO;1;Não;2E 2F 4E 4F;
LEANDRO HONORATO DE SOUZA SILVA;CCMP0026;PROCESSAMENTO DIGITAL DE IMAGEM;10;Sim;4G 4H 4I 4J;
LILIANE SHEYLA DA SILVA FONSECA;CCMP0012;GERENCIA DE PROJETO;9;Sim;6E 6F 6G 6H;6C 6D 6E 6F
LILIANE SHEYLA DA SILVA FONSECA;ENGE0002;INTRODUÇÃO A ENGENHARIA;1;Não;3I 3J;
LUIS CARLOS DE SOUSA MENEZES;CCMP0111;MATEMÁTICA DISCRETA;4;Não;3C 3D 6C 6D;
LUIS CARLOS DE SOUSA MENEZES;CCMP0006;COMPILADORES;6;Não;3E 3F 5E 5F;
MARIA LENCASTRE PINHEIRO DE MENEZES E CRUZ;CCMP0005;BANCO DE DADOS;7;Não;2C 2D 5C 5D;2C 2D 5E 5F
MARIA LENCASTRE PINHEIRO DE MENEZES E CRUZ;CCMP0132;ENGENHARIA DE REQUISITOS;10;Sim;2E 2F 5E 5F;2E 2F 5C 5D
MEUSER JORGE SILVA VALENCA;CCMP0081;MODELAGEM ANALÍTICA;10;Sim;4A 4B 5C 5D;4A 4B 5E 5F
MEUSER JORGE SILVA VALENCA;CCMP0032;REDES NEURAIS;10;Sim;4C 4D 5A 5B;
RICARDO ATAIDE DE LIMA;CCMP0073;ELETRÔNICA PARA COMPUTAÇÃO;5;Não;2C 2D 4C 4D;
RICARDO ATAIDE DE LIMA;CCMP0127;DCEXT-AUTOMAÇÃO INDUSTRIAL;9;Não;3C 3D 3E 3F;
RICARDO ATAIDE DE LIMA;CCMP0109;MATERIAIS E DISPOSITIVOS SEMICONDUTORES;3;Não;2E 2F 4E 4F;
ROBERTA ANDRADE DE ARAÚJO FAGUNDES;CCMP0067;LOGICA;3;Não;3C 3D 3E 3F;
SERGIO CAMPELLO OLIVEIRA;CCMP0090;CIRCUITOS ELÉTRICOS;4;Não;4A 4B 4C 4D;
SERGIO MURILO MACIEL FERNANDES;CCMP0003;ARQUITETURA DE COMPUTADORES;7;Não;3A 3B 6C 6D;
SERGIO MURILO MACIEL FERNANDES;CCMP0119;ELETRÔNICA DIGITAL;6;Não;4A 4B 4C 4D 6A 6B;
TARCIANA DIAS DA SILVA;CCMP0023;METODOS FORMAIS;9;Sim;2A 2B 2C 2D;
TARCIANA DIAS DA SILVA;ELET0079;SISTEMAS OPERACIONAIS;7;Não;2E 2F 5A 5B;
TARCIANA DIAS DA SILVA;CCMP0079;INTERFACE HUMANO-COMPUTADOR;8;Não;5C 5D 5E 5F;
WYLLIAMS BARBOSA SANTOS;CCMP0010;ENGENHARIA DE SOFTWARE;5;Não;3A 3B 3C 3D;
