codigo;descricao;periodo;carga_horaria;tipo
CCMP0104;FUNDAMENTOS DE PROGRAMAÇÃO;1;60;Obrigatória
ENGE0002;INTRODUÇÃO À ENGENHARIA;1;30;Obrigatória
CCMP0084;PROGRAMAÇÃO IMPERATIVA;2;60;Obrigatória
CCMP0068;LINGUAGEM DE PROGRAMAÇÃO ORIENTADA A OBJETOS;3;60;Obrigatória
CCMP0067;LÓGICA;3;60;Obrigatória
CCMP0109;MATERIAIS E DISPOSITIVOS SEMICONDUTORES;3;60;Obrigatória
CCMP0110;ALGORITMOS E ESTRUTURAS DE DADOS;4;60;Obrigatória
CCMP0111;MATEMÁTICA DISCRETA;4;60;Obrigatória
CCMP0090;CIRCUITOS ELÉTRICOS;4;60;Obrigatória
CCMP0085;INFORMÁTICA, ECONOMIA E SOCIEDADE;4;30;Obrigatória
CCMP0010;ENGENHARIA DE SOFTWARE;5;60;Obrigatória
CCMP0039;TEORIA DA COMPUTAÇÃO;5;60;Obrigatória
CCMP0116;TEORIA DOS GRAFOS;5;30;Obrigatória
CCMP0172;SISTEMAS MULTIMÍDIA;5;45;Obrigatória
CCMP0071;SINAIS E SISTEMAS;5;60;Obrigatória
CCMP0073;ELETRÔNICA PARA COMPUTAÇÃO;5;60;Obrigatória
LETR0009;METODOLOGIA CIENTÍFICA;5;30;Obrigatória
CCMP0074;ANÁLISE E PROJETO DE SOFTWARE;6;60;Obrigatória
CCMP0079;INTERFACE HUMANO-COMPUTADOR;6;60;Obrigatória
CCMP0015;INTELIGÊNCIA ARTIFICIAL E COMPUTACIONAL;6;60;Obrigatória
CCMP0076;SISTEMAS DE COMUNICAÇÃO;6;60;Obrigatória
CCMP0025;ORGANIZAÇÃO DE COMPUTADORES;6;60;Obrigatória
CCMP0119;ELETRÔNICA DIGITAL;6;90;Obrigatória
CCMP0005;BANCO DE DADOS;7;60;Obrigatória
CCMP0122;PESQUISA OPERACIONAL;7;60;Obrigatória
CCMP0123;APRENDIZAGEM DE MÁQUINA;7;60;Obrigatória
ELET0070;REDES DE COMPUTADORES I;7;60;Obrigatória
CCMP0003;ARQUITETURA DE COMPUTADORES;7;60;Obrigatória
ELET0079;SISTEMAS OPERACIONAIS;7;60;Obrigatória
CCMP0173;PROJETO EM ENGENHARIA DA COMPUTAÇÃO;7;30;Obrigatória
CCMP0006;CONSTRUÇÃO DE COMPILADORES;8;60;Obrigatória
ELET0024;CONTROLE DE PROCESSOS;8;60;Obrigatória
ELET0071;REDES DE COMPUTADORES II;8;60;Obrigatória
CCMP0125;ELEMENTOS DE ROBÓTICA;8;60;Obrigatória
CCMP0124;SISTEMAS EMBARCADOS;8;60;Obrigatória
CCMP0127;AUTOMAÇÃO INDUSTRIAL;9;60;Obrigatória
CCMP0126;GESTÃO DE TIC E EMPREENDEDORISMO;9;30;Obrigatória
CCMP0030;PROJETO FINAL DE CURSO;10;30;Obrigatória
